{"cameraMode":{"drawMode":0,"name":"Shaded","section":"Shading Mode"},"sceneLighting":true,"audioPlay":false,"sceneViewState":{"m_AlwaysRefresh":false,"showFog":true,"showSkybox":false,"showFlares":true,"showImageEffects":true,"showParticleSystems":true,"showVisualEffectGraphs":true,"m_FxEnabled":true},"in2DMode":false,"pivot":{"x":12.152989387512207,"y":2.9624671936035158,"z":8.635126113891602},"rotation":{"x":-0.14007531106472016,"y":-0.13765071332454682,"z":0.019601868465542795,"w":-0.9804347157478333},"size":6.502154350280762,"orthographic":false}