{"cameraMode":{"drawMode":0,"name":"Shaded","section":"Shading Mode"},"sceneLighting":false,"audioPlay":false,"sceneViewState":{"m_AlwaysRefresh":false,"showFog":false,"showSkybox":false,"showFlares":false,"showImageEffects":false,"showParticleSystems":false,"showVisualEffectGraphs":true,"m_FxEnabled":true},"in2DMode":false,"pivot":{"x":-0.10302965342998505,"y":0.7863693237304688,"z":-0.7345654964447022},"rotation":{"x":0.0005962071591056883,"y":0.9922223687171936,"z":-0.1244855523109436,"w":0.0047652446664869789},"size":1.354567527770996,"orthographic":false}