{"cameraMode":{"drawMode":0,"name":"Shaded","section":"Shading Mode"},"sceneLighting":false,"audioPlay":false,"sceneViewState":{"m_AlwaysRefresh":false,"showFog":true,"showSkybox":false,"showFlares":true,"showImageEffects":true,"showParticleSystems":true,"showVisualEffectGraphs":true,"m_FxEnabled":true},"in2DMode":false,"pivot":{"x":-0.022788047790527345,"y":-0.12399566173553467,"z":0.07325077056884766},"rotation":{"x":-0.2704783082008362,"y":0.6588522791862488,"z":-0.2754868268966675,"w":-0.6458811163902283},"size":5.86146879196167,"orthographic":false}